{
  "개새끼": {
    "score": 3,
    "type": "욕설",
    "replacement": "나쁜놈",
    "variations": [
      "개새끼",
      "개쌔끼",
      "개쇄",
      "개색",
      "개섀끼",
      "개쉑히",
      "개`",
      "개씹",
      "개샛기",
      "개생퀴",
      "개쉐이",
      "개쉑",
      "개새꺄",
      "개쌔꺄",
      "개때꺄",
      "개색꺄",
      "개련",
      "개샹련",
      "계같은뇬",
      "개세",
      "개색히",
      "개쉐리",
      "개샛끼",
      "개쉬끼",
      "개세끼",
      "개쓰렉기",
      "개같은뇬",
      "ㄱH뇬",
      "개섹",
      "개자슥",
      "게세끼",
      "개색끼",
      "개자식",
      "개새",
      "개년",
      "개같은년",
      "개같은놈",
      "개넌",
      "개놈",
      "개넘",
      "개세끼",
      "개뇬",
      "개쉐",
      "개때끼",
      "개샛히"
    ]
  },
  "씹새끼": {
    "score": 3,
    "type": "욕설",
    "replacement": "나쁜놈",
    "variations": [
      "십새끼",
      "쉽년",
      "셥새",
      "씹세",
      "쉽뇬",
      "쓉년",
      "쓉창",
      "씹쒜",
      "십새꺄",
      "십쌔꺄",
      "십때꺄",
      "십색꺄",
      "씹새꺄",
      "씹쌔꺄",
      "씹때꺄",
      "씹색꺄",
      "쉽새",
      "씹쉐",
      "씹쌔",
      "씹쉑",
      "십색끼",
      "십쉐",
      "십새",
      "씹쉐이",
      "씹넘",
      "씨입년",
      "씨입뇬",
      "씹새",
      "씝년",
      "십색히",
      "씹년",
      "씹뇬",
      "십쉑히",
      "십쉐리",
      "씹쌔끼",
      "씹때끼",
      "씹쉐리",
      "씹쉑히",
      "씹세끼",
      "씹색끼",
      "씹색히",
      "십쉐이",
      "십쉑",
      "십쌔끼",
      "십때끼",
      "십세끼",
      "씹새끼"
    ]
  },
  "새끼": {
    "score": 3,
    "type": "욕설",
    "replacement": "소자",
    "variations": [
      "쉬키",
      "세꺄",
      "세끼",
      "ㅅㅐㄲ",
      "ㅅㅔㄲㅑ",
      "새'꺄",
      "섀캬",
      "새꺄",
      "쌔꺄",
      "때꺄",
      "색꺄",
      "ㅅㅐㄱㄱ",
      "ㅅㅐ끼",
      "새뀌",
      "색귀",
      "쌔끼",
      "쇄키",
      "ㅅㅔㄲㅣ",
      "색휘",
      "싯끼",
      "섹키",
      "ㅅHㄲI",
      "ㅅH끼",
      "색히",
      "새'끼",
      "섀끼",
      "쌔기",
      "쉑히",
      "쉑",
      "쉐리",
      "색끼",
      "때끼",
      "색갸",
      "새끼",
      "세캬",
      "식키",
      "섹히",
      "새키",
      "시키",
      "새캬",
      "색기",
      "새끠",
      "쉐끼",
      "ㅅㅐㄲㅣ",
      "ㅅㅐㄱㄱㅣ",
      "새ㄱㄱㅣ",
      "새ㄲㅣ",
      "새뤼",
      "쇄끼",
      "쇅끼",
      "씨키",
      "세키",
      "ㅅㅐ끼",
      "ㅅㅐㄲㅣ",
      "세끠"
    ]
  },
  "호로자식": {
    "score": 3,
    "type": "욕설",
    "replacement": "불효자식",
    "variations": [
      "호로자슥",
      "호로년",
      "호로",
      "후레년",
      "호로자식",
      "후레자식",
      "후레자슥"
    ]
  },
  "좆밥": {
    "score": 3,
    "type": "욕설",
    "replacement": "형편없는 사람",
    "variations": [
      "좆밥",
      "ㅈ밥",
      "좃밥",
      "좁밥",
      "젖밥",
      "젓밥",
      "접밥",
      "조빱",
      "저빱"
    ]
  },
  "썅년": {
    "score": 3,
    "type": "욕설",
    "replacement": "이 사람",
    "variations": [
      "쌍놈",
      "샹뇬",
      "샹년",
      "샹놈",
      "샹늠",
      "상년",
      "썅놈",
      "쌍넘",
      "썅넘",
      "쌍년",
      "썅년",
      "쌍넌",
      "썅넌",
      "쌍뇬",
      "썅뇬"
    ]
  },
  "병신": {
    "score": 3,
    "type": "욕설",
    "replacement": "못난아",
    "variations": [
      "뱅신",
      "뷩쉰",
      "비융신",
      "B융신",
      "병x",
      "ㅄ",
      "븅시나",
      "병sin",
      "병씬",
      "븅쉰",
      "빙쉰",
      "뷩시",
      "병신새끼",
      "뷩신",
      "벵신",
      "병시나",
      "병시",
      "뱅싄",
      "뱅쉰",
      "븽신",
      "병쉰",
      "벼엉신",
      "빙시",
      "뷰웅신",
      "뵹신",
      "붕신",
      "븅싄",
      "뵹싄",
      "병싄",
      "비잉신",
      "병신",
      "븅신",
      "빙신",
      "ㅂㅅ"
    ]
  },
  "미친놈": {
    "score": 3,
    "type": "욕설",
    "replacement": "이 사람아",
    "variations": [
      "미친",
      "믜친",
      "뮈친",
      "미칀",
      "ㅁ1친",
      "뮈췬",
      "미췐",
      "미튄",
      "및친",
      "ㅁㅣ친",
      "ㅁl친",
      "미췐년",
      "미친새끼",
      "ㅁ1친년",
      "뮈친년",
      "미친놈",
      "미친넘",
      "미췬놈",
      "미췬넘",
      "미친년",
      "미친뇬",
      "미친넌",
      "미췬년",
      "미췬뇬",
      "미췬넌"
    ]
  },
  "등신": {
    "score": 3,
    "type": "욕설",
    "replacement": "못나다",
    "variations": [
      "등신",
      "등쉰",
      "드응신",
      "듕시나",
      "등쉬",
      "듕신"
    ]
  },
  "장애인": {
    "score": 3,
    "type": "욕설",
    "replacement": "못난아",
    "variations": [
      "애자",
      "애쟈",
      "애좌",
      "ㅇㅐ자",
      "ㅇㅐㅈㅏ"
    ]
  },
  "또라이": {
    "score": 3,
    "type": "욕설",
    "replacement": "나쁜",
    "variations": [
      "똘아이",
      "똘츄",
      "똘추",
      "또라이",
      "떠라이"
    ]
  },
  "창녀": {
    "score": 3,
    "type": "욕설",
    "replacement": "아니",
    "variations": [
      "창녀",
      "개싑창",
      "다방년",
      "걸레년",
      "차앙년",
      "창ㄴㅕ",
      "창뇬",
      "촹년",
      "촹뇬",
      "창년",
      "갈보",
      "챵녀",
      "창뇬",
      "챵뇬",
      "잡뇬",
      "잡년"
    ]
  },
  "찐따": {
    "score": 3,
    "type": "욕설",
    "replacement": "사람",
    "variations": [
      "찌질이",
      "찐따",
      "ㅉㄸ"
    ]
  },
  "씨발": {
    "score": 3,
    "type": "욕설",
    "replacement": "아니 근데",
    "variations": [
      "시바라",
      "씨댕",
      "씨`발",
      "싶할",
      "싯팔",
      "ㅆㅣ발",
      "쓰박",
      "씨부랄",
      "ㅆㅣ방",
      "ㅆㅣ팔",
      "ㅆㅣ벌",
      "ㅆ!발",
      "ㅆㅣ발",
      "쒸벨",
      "시팍",
      "시빨",
      "시파",
      "시밸",
      "ㅆ1밸",
      "시밟",
      "씨박",
      "씨'발",
      "씨벵",
      "씨빨",
      "씨파",
      "씨브랄",
      "씨팍",
      "씹빨",
      "씹쌍",
      "섋",
      "ㅆ1벨",
      "씌벨",
      "씻팔",
      "ㅆ1바",
      "씌뱅",
      "씨팰",
      "씌댕",
      "씌뎅",
      "씹빠",
      "씨뎅",
      "시댕",
      "시뎅",
      "씨방새",
      "씨방쉐",
      "씨방세",
      "시방새",
      "시방쉐",
      "시방세",
      "씹탱",
      "씹창",
      "씨벌",
      "씨불",
      "씨방",
      "씨바",
      "씨붕",
      "씨부",
      "씨밸",
      "씨팔",
      "씨펄",
      "씨풀",
      "씨빡",
      "씨이발",
      "씨이벌",
      "씨이불",
      "씨이방",
      "씨이바",
      "씨이붕",
      "씨이부",
      "씨이밸",
      "씨이팔",
      "씨이펄",
      "씨이풀",
      "씨이빡",
      "씹할",
      "씹팔",
      "씹펄",
      "씹풀",
      "씹빡",
      "띠발",
      "띠벌",
      "띠불",
      "띠방",
      "띠바",
      "띠붕",
      "띠밸",
      "띠팔",
      "띠펄",
      "띠풀",
      "띠이발",
      "띠이벌",
      "띠이불",
      "띠이방",
      "띠이바",
      "띠이붕",
      "띠이밸",
      "띠이팔",
      "띠이펄",
      "띠이풀",
      "시벌",
      "시팔",
      "시이발",
      "시이벌",
      "시이불",
      "시이방",
      "시이바",
      "시이붕",
      "시이부",
      "시이밸",
      "시이팔",
      "시이펄",
      "시이풀",
      "시이빡",
      "쒸발",
      "쒸벌",
      "쒸불",
      "쒸방",
      "쒸바",
      "쒸부",
      "쒸밸",
      "쒸팔",
      "쒸펄",
      "쒸풀",
      "쒸빡",
      "쒸이발",
      "쒸이벌",
      "쒸이불",
      "쒸이방",
      "쒸이바",
      "쒸이붕",
      "쒸이부",
      "쒸이밸",
      "쒸이팔",
      "쒸이펄",
      "쒸이풀",
      "쒸이빡",
      "쉬발",
      "쉬벌",
      "쉬불",
      "쉬방",
      "쉬바",
      "쉬붕",
      "쉬부",
      "쉬밸",
      "쉬팔",
      "쉬펄",
      "쉬풀",
      "쉬빡",
      "쉬이발",
      "쉬이벌",
      "쉬이불",
      "쉬이방",
      "쉬이바",
      "쉬이붕",
      "쉬이부",
      "쉬이밸",
      "쉬이팔",
      "쉬이펄",
      "쉬이풀",
      "쉬이빡",
      "쓰발",
      "쓰벌",
      "쓰불",
      "쓰방",
      "쓰바",
      "쓰붕",
      "쓰부",
      "쓰밸",
      "쓰팔",
      "쓰펄",
      "쓰풀",
      "쓰빡",
      "쓰이발",
      "쓰이벌",
      "쓰이불",
      "쓰이방",
      "쓰이바",
      "쓰이붕",
      "쓰이부",
      "쓰이밸",
      "쓰이팔",
      "쓰이펄",
      "쓰이풀",
      "쓰이빡",
      "c팔",
      "c8",
      "씝할",
      "시발",
      "싀발",
      "스발",
      "스벌",
      "쉬이발",
      "쓰으방",
      "ㅅㅂ",
      "씹발",
      "쉽팔"
    ]
  },
  "좆까": {
    "score": 3,
    "type": "욕설",
    "replacement": "거절합니다",
    "variations": [
      "좆까",
      "쫒까",
      "좃까",
      "젖까",
      "젓까",
      "조까",
      "저까"
    ]
  },
  "좆빠지게": {
    "score": 3,
    "type": "욕설",
    "replacement": "필사적으로",
    "variations": [
      "좃빠지게",
      "젖빠지게",
      "젓빠지게",
      "조빠지게",
      "저빠지게",
      "죶빠지게",
      "좆빠지게"
    ]
  },
  "좆같은": {
    "score": 3,
    "type": "욕설",
    "replacement": "너무한",
    "variations": [
      "좆같은",
      "죶같은",
      "ㅈ같은",
      "죶가튼",
      "엿같은",
      "좃같은",
      "젖같은",
      "젓같은",
      "좆가튼",
      "좃가튼",
      "젖가튼",
      "젓가튼",
      "조까튼",
      "저까튼"
    ]
  },
  "좆나게": {
    "score": 3,
    "type": "욕설",
    "replacement": "엄청나게",
    "variations": [
      "좆나게",
      "좃나게",
      "존나게",
      "젖나게",
      "젓나게",
      "전나게",
      "졸라게",
      "절라게"
    ]
  },
  "좆만한": {
    "score": 3,
    "type": "욕설",
    "replacement": "조그마한",
    "variations": [
      "죶마난",
      "좆만한",
      "좃만한",
      "존만한",
      "젖만한",
      "젓만한",
      "좆마난",
      "좃마난",
      "존마난",
      "젖마난",
      "젓마난"
    ]
  },
  "지랄": {
    "score": 3,
    "type": "욕설",
    "replacement": "난리",
    "variations": [
      "지랄",
      "즤랄",
      "질알",
      "ㅈl랄",
      "지럴",
      "g랄",
      "zl랄",
      "ㅈ1랄",
      "지롤",
      "쥐랄",
      "쥐럴",
      "쥐롤",
      "ㅈㄹ"
    ]
  },
  "존나": {
    "score": 3,
    "type": "욕설",
    "replacement": "너무",
    "variations": [
      "존니",
      "죶나",
      "죨라",
      "죶니",
      "죤니",
      "죤나",
      "죳나",
      "조낸",
      "좆나",
      "좃나",
      "존나",
      "젖나",
      "젓나",
      "전나",
      "졸라",
      "절라"
    ]
  },
  "fuck you": {
    "score": 3,
    "type": "욕설",
    "replacement": "아니",
    "variations": [
      "뻑큐",
      "빠큐",
      "fuck",
      "fuk",
      "ㅃr큐",
      "ㅗ"
    ]
  },
  "염병": {
    "score": 3,
    "type": "욕설",
    "replacement": "근데",
    "variations": [
      "엠병",
      "염병",
      "옘병",
      "앰병",
      "앰창",
      "엠창",
      "연병"
    ]
  },
  "뒤져라": {
    "score": 3,
    "type": "욕설",
    "replacement": "안녕",
    "variations": [
      "뒤져",
      "뒤질래",
      "디질래"
    ]
  },
  "닥쳐라": {
    "score": 3,
    "type": "욕설",
    "replacement": "시끄러워요",
    "variations": [
      "닥쳐",
      "아가리해라",
      "아갈해"
    ]
  },
  "엿먹어": {
    "score": 3,
    "type": "욕설",
    "replacement": "당을 보충하세요",
    "variations": [
      "엿드쇼",
      "엿 머겅",
      "엿드쇼",
      "엿",
      "ㅗ"
    ]
  },
  "꺼져라": {
    "score": 3,
    "type": "욕설",
    "replacement": "나가세요",
    "variations": [
      "꺼져",
      "끄져",
      "ㄲㅈ"
    ]
  },
  "니미럴": {
    "score": 3,
    "type": "욕설",
    "replacement": "에이",
    "variations": [
      "니미럴",
      "니뮈럴",
      "니미랄",
      "니미롤",
      "니미룰",
      "니미를"
    ]
  },
  "제기랄": {
    "score": 3,
    "type": "욕설",
    "replacement": "아니 근데",
    "variations": [
      "제기럴",
      "제기랄",
      "제기롤",
      "제기룰",
      "젠장",
      "제길",
      "젱장",
      "우라질",
      "제긜",
      "젝일"
    ]
  },
  "니애비": {
    "score": 3,
    "type": "욕설",
    "replacement": "당신",
    "variations": [
      "니애미",
      "니기미",
      "늬기미",
      "뉘미",
      "뉘귀미",
      "닝기미",
      "앰창",
      "애미",
      "ㄴ1ㅇH미",
      "늬귀미",
      "ㄴㅣ미",
      "느개비",
      "느개미",
      "느금띠",
      "느그어메",
      "느그어매",
      "느금",
      "늬에미",
      "늬애비",
      "늬에비",
      "뉘에비",
      "뉘에미",
      "엠챵",
      "애뮈",
      "애뷔",
      "엄마없",
      "아빠없",
      "ㄴ1ㅁ1",
      "ㄴ1미",
      "ㄴ1ㅇㅐ",
      "ㄴ1애",
      "니M창",
      "니OH미",
      "니주가리",
      "니미",
      "니애미",
      "니에미",
      "니엠",
      "엠창",
      "ㄴㅣㅁㅣ",
      "ㄴlㅁl",
      "늬미",
      "니앰"
    ]
  },
  "호구": {
    "score": 3,
    "type": "욕설",
    "replacement": "만만한 사람",
    "variations": [
      "호구새끼"
    ]
  },
  "잡놈": {
    "score": 5,
    "type": "비하발언",
    "replacement": "⚠️",
    "variations": [
      "잡년"
    ]
  },
  "거지새끼": {
    "score": 5,
    "type": "비하발언",
    "replacement": "⚠️",
    "variations": [
      "그지새끼"
    ]
  },
  "같은년": {
    "score": 5,
    "type": "비하발언",
    "replacement": "⚠️",
    "variations": [
      "씨발년",
      "병신년"
    ]
  },
  "맘충": {
    "score": 5,
    "type": "비하발언",
    "replacement": "⚠️",
    "variations": []
  },
  "한남 유충": {
    "score": 5,
    "type": "비하발언",
    "replacement": "⚠️",
    "variations": []
  },
  "dildo": {
    "score": 5,
    "type": "성희롱",
    "replacement": "BLIND_TOKEN",
    "variations": []
  },
  "pussy": {
    "score": 5,
    "type": "성희롱",
    "replacement": "BLIND_TOKEN",
    "variations": []
  },
  "shit": {
    "score": 5,
    "type": "비하발언",
    "replacement": "⚠️",
    "variations": []
  },
  "bitch": {
    "score": 5,
    "type": "비하발언",
    "replacement": "⚠️",
    "variations": []
  },
  "anal": {
    "score": 5,
    "type": "성희롱",
    "replacement": "BLIND_TOKEN",
    "variations": []
  },
  "fetish": {
    "score": 5,
    "type": "성희롱",
    "replacement": "BLIND_TOKEN",
    "variations": [
      "페티쉬",
      "페티시"
    ]
  },
  "bastard": {
    "score": 5,
    "type": "비하발언",
    "replacement": "⚠️",
    "variations": []
  },
  "cunt": {
    "score": 5,
    "type": "성희롱",
    "replacement": "BLIND_TOKEN",
    "variations": []
  },
  "damn": {
    "score": 3,
    "type": "욕설",
    "replacement": "⚠️",
    "variations": []
  },
  "asshole": {
    "score": 3,
    "type": "욕설",
    "replacement": "⚠️",
    "variations": []
  },
  "돼지년": {
    "score": 5,
    "type": "비하발언",
    "replacement": "⚠️",
    "variations": []
  },
  "돼지놈": {
    "score": 5,
    "type": "비하발언",
    "replacement": "⚠️",
    "variations": []
  },
  "시x련": {
    "score": 3,
    "type": "욕설",
    "replacement": "⚠️",
    "variations": [
      "시x년",
      "시발년",
      "씹년"
    ]
  },
  "봉씌먹": {
    "score": 5,
    "type": "성희롱",
    "replacement": "BLIND_TOKEN",
    "variations": []
  },
  "양키년": {
    "score": 5,
    "type": "비하발언",
    "replacement": "⚠️",
    "variations": []
  },
  "개걸래": {
    "score": 5,
    "type": "성희롱",
    "replacement": "BLIND_TOKEN",
    "variations": [
      "걸래년"
    ]
  },
  "김치녀": {
    "score": 5,
    "type": "비하발언",
    "replacement": "한국인",
    "variations": [
      "김치남",
      "된장녀",
      "김치년",
      "된장년",
      "된장녀"
    ]
  },
  "시밭년": {
    "score": 5,
    "type": "비하발언",
    "replacement": "⚠️",
    "variations": []
  },
  "죽은년": {
    "score": 5,
    "type": "비하발언",
    "replacement": "⚠️",
    "variations": [
      "죽은련",
      "쓰레기년"
    ]
  },
  "개자지": {
    "score": 5,
    "type": "성희롱",
    "replacement": "BLIND_TOKEN",
    "variations": []
  },
  "개보지": {
    "score": 5,
    "type": "성희롱",
    "replacement": "BLIND_TOKEN",
    "variations": []
  },
  "애비자지": {
    "score": 5,
    "type": "성희롱",
    "replacement": "BLIND_TOKEN",
    "variations": []
  },
  "애미보지": {
    "score": 5,
    "type": "성희롱",
    "replacement": "BLIND_TOKEN",
    "variations": []
  },
  "자지": {
    "score": 5,
    "type": "성희롱",
    "replacement": "BLIND_TOKEN",
    "variations": [
      "ㅈㅏㅈㅣ",
      "ㅈㅏ지",
      "자쥐",
      "쟈지",
      "자쥣",
      "잦이"
    ]
  },
  "잠지": {
    "score": 5,
    "type": "성희롱",
    "replacement": "BLIND_TOKEN",
    "variations": [
      "쟘쥐",
      "잠짓",
      "쟘지",
      "잠쥐",
      "짬지"
    ]
  },
  "보지": {
    "score": 5,
    "type": "성희롱",
    "replacement": "BLIND_TOKEN",
    "variations": [
      "보댕이",
      "보짓",
      "Bozi",
      "보'지",
      "보쥐",
      "뵤지"
    ]
  },
  "섹스": {
    "score": 5,
    "type": "성희롱",
    "replacement": "BLIND_TOKEN",
    "variations": [
      "색스",
      "쎅스",
      "쌕스",
      "쉑스",
      "섹쓰",
      "색쓰",
      "쎅쓰",
      "쌕쓰",
      "쉑쓰",
      "석l스",
      "스섹",
      "섹'스",
      "sex"
    ]
  },
  "좆": {
    "score": 5,
    "type": "성희롱",
    "replacement": "BLIND_TOKEN",
    "variations": [
      "좇",
      "좃",
      "죷",
      "죳"
    ]
  },
  "젖": {
    "score": 5,
    "type": "성희롱",
    "replacement": "BLIND_TOKEN",
    "variations": [
      "빨통",
      "젖통"
    ]
  },
  "딸딸이": {
    "score": 5,
    "type": "성희롱",
    "replacement": "BLIND_TOKEN",
    "variations": [
      "딸따리"
    ]
  },
  "빠구리": {
    "score": 5,
    "type": "성희롱",
    "replacement": "BLIND_TOKEN",
    "variations": [
      "빠굴이",
      "빠굴",
      "ㅃㅏ구리",
      "ㅃr굴"
    ]
  },
  "빠순이": {
    "score": 5,
    "type": "성희롱",
    "replacement": "BLIND_TOKEN",
    "variations": [
      "빠수니"
    ]
  },
  "사까시": {
    "score": 5,
    "type": "비하발언",
    "replacement": "⚠️",
    "variations": []
  },
  "불알": {
    "score": 5,
    "type": "성희롱",
    "replacement": "BLIND_TOKEN",
    "variations": [
      "부랄",
      "붕알",
      "뽕알",
      "공알",
      "파이어에그",
      "뿡알"
    ]
  },
  "번섹": {
    "score": 5,
    "type": "성희롱",
    "replacement": "BLIND_TOKEN",
    "variations": [
      "번쌕",
      "번쎅"
    ]
  },
  "떡치기": {
    "score": 5,
    "type": "비하발언",
    "replacement": "⚠️",
    "variations": []
  },
  "후장": {
    "score": 5,
    "type": "성희롱",
    "replacement": "BLIND_TOKEN",
    "variations": [
      "뒷구멍",
      "똥구멍"
    ]
  },
  "폰섹": {
    "score": 5,
    "type": "성희롱",
    "replacement": "BLIND_TOKEN",
    "variations": [
      "폰색"
    ]
  },
  "귀두": {
    "score": 5,
    "type": "성희롱",
    "replacement": "BLIND_TOKEN",
    "variations": []
  },
  "발기": {
    "score": 5,
    "type": "성희롱",
    "replacement": "BLIND_TOKEN",
    "variations": []
  },
  "슴가": {
    "score": 5,
    "type": "성희롱",
    "replacement": "BLIND_TOKEN",
    "variations": [
      "갸슴"
    ]
  },
  "암캐": {
    "score": 5,
    "type": "성희롱",
    "replacement": "BLIND_TOKEN",
    "variations": []
  },
  "처녀뚫기": {
    "score": 5,
    "type": "성희롱",
    "replacement": "BLIND_TOKEN",
    "variations": []
  },
  "로리타": {
    "score": 5,
    "type": "성희롱",
    "replacement": "BLIND_TOKEN",
    "variations": [
      "로린이"
    ]
  },
  "입싸": {
    "score": 5,
    "type": "성희롱",
    "replacement": "BLIND_TOKEN",
    "variations": []
  },
  "질싸": {
    "score": 5,
    "type": "성희롱",
    "replacement": "BLIND_TOKEN",
    "variations": []
  },
  "얼싸": {
    "score": 5,
    "type": "성희롱",
    "replacement": "BLIND_TOKEN",
    "variations": []
  },
  "슴만튀": {
    "score": 5,
    "type": "성희롱",
    "replacement": "BLIND_TOKEN",
    "variations": []
  },
  "씹질": {
    "score": 5,
    "type": "성희롱",
    "replacement": "BLIND_TOKEN",
    "variations": [
      "십질"
    ]
  },
  "오랄": {
    "score": 5,
    "type": "성희롱",
    "replacement": "BLIND_TOKEN",
    "variations": [
      "5랄",
      "오랄섹스"
    ]
  },
  "좆빨": {
    "score": 5,
    "type": "성희롱",
    "replacement": "BLIND_TOKEN",
    "variations": [
      "잦빨",
      "죠팔",
      "조팔"
    ]
  },
  "보빨": {
    "score": 5,
    "type": "성희롱",
    "replacement": "BLIND_TOKEN",
    "variations": []
  },
  "꼬추": {
    "score": 5,
    "type": "성희롱",
    "replacement": "BLIND_TOKEN",
    "variations": [
      "꼬추",
      "고츄",
      "꼬츄",
      "곶휴",
      "왕고추",
      "소추"
    ]
  },
  "섹머": {
    "score": 5,
    "type": "성희롱",
    "replacement": "BLIND_TOKEN",
    "variations": []
  },
  "질내사정": {
    "score": 5,
    "type": "성희롱",
    "replacement": "BLIND_TOKEN",
    "variations": [
      "질싸"
    ]
  },
  "뒤치기": {
    "score": 5,
    "type": "성희롱",
    "replacement": "BLIND_TOKEN",
    "variations": []
  },
  "성노예": {
    "score": 5,
    "type": "성희롱",
    "replacement": "BLIND_TOKEN",
    "variations": [
      "육노예",
      "성노"
    ]
  },
  "섹파": {
    "score": 5,
    "type": "성희롱",
    "replacement": "BLIND_TOKEN",
    "variations": []
  },
  "아다": {
    "score": 5,
    "type": "성희롱",
    "replacement": "BLIND_TOKEN",
    "variations": []
  },
  "음경": {
    "score": 5,
    "type": "성희롱",
    "replacement": "BLIND_TOKEN",
    "variations": []
  },
  "겁간": {
    "score": 5,
    "type": "성희롱",
    "replacement": "BLIND_TOKEN",
    "variations": []
  },
  "G스팟": {
    "score": 5,
    "type": "성희롱",
    "replacement": "BLIND_TOKEN",
    "variations": []
  },
  "즐딸": {
    "score": 5,
    "type": "성희롱",
    "replacement": "BLIND_TOKEN",
    "variations": [
      "자위"
    ]
  },
  "돌림빵": {
    "score": 5,
    "type": "성희롱",
    "replacement": "BLIND_TOKEN",
    "variations": []
  },
  "오르가즘": {
    "score": 5,
    "type": "성희롱",
    "replacement": "BLIND_TOKEN",
    "variations": []
  },
  "펠라치오": {
    "score": 5,
    "type": "성희롱",
    "replacement": "BLIND_TOKEN",
    "variations": [
      "펠라"
    ]
  },
  "생삽입": {
    "score": 5,
    "type": "성희롱",
    "replacement": "BLIND_TOKEN",
    "variations": []
  },
  "육변기": {
    "score": 5,
    "type": "성희롱",
    "replacement": "BLIND_TOKEN",
    "variations": []
  },
  "메갈년": {
    "score": 5,
    "type": "비하발언",
    "replacement": "⚠️",
    "variations": [ "메갈", "매갈" ]
  },
  "갈보": {
    "score": 5,
    "type": "성희롱",
    "replacement": "BLIND_TOKEN",
    "variations": [
      "양갈보",
      "갈보년"
    ]
  },
  "화냥년": {
    "score": 5,
    "type": "성희롱",
    "replacement": "BLIND_TOKEN",
    "variations": [
      "환향년"
    ]
  },
  "퐁퐁남": {
    "score": 5,
    "type": "비하발언",
    "replacement": "유부남",
    "variations": [
      "설거지남",
      "ㅍㅍㄴ"
    ]
  },
  "피싸개": {
    "score": 5,
    "type": "성희롱",
    "replacement": "BLIND_TOKEN",
    "variations": []
  },
  "보전깨": {
    "score": 5,
    "type": "성희롱",
    "replacement": "BLIND_TOKEN",
    "variations": []
  },
  "아놔": {
    "score": 1,
    "type": "감정폭발",
    "replacement": "",
    "variations": []
  },
  "에휴": {
    "score": 1,
    "type": "감정폭발",
    "replacement": "",
    "variations": []
  },
  "쩝": {
    "score": 1,
    "type": "감정폭발",
    "replacement": "",
    "variations": []
  },
  "흠": {
    "score": 1,
    "type": "감정폭발",
    "replacement": "",
    "variations": [
      "흐음"
    ]
  },
  "하아": {
    "score": 1,
    "type": "감정폭발",
    "replacement": "",
    "variations": [
      "하"
    ]
  },
  "으휴": {
    "score": 1,
    "type": "감정폭발",
    "replacement": "",
    "variations": []
  },
  "야이": {
    "score": 1,
    "type": "감정폭발",
    "replacement": "",
    "variations": [
      "야"
    ]
  },
  "참나": {
    "score": 1,
    "type": "감정폭발",
    "replacement": "",
    "variations": []
  },
  "아이고": {
    "score": 1,
    "type": "감정폭발",
    "replacement": "",
    "variations": [
      "하이고",
      "에구"
    ]
  },
  "틀딱": {
    "score": 5,
    "type": "비하발언",
    "replacement": "노인",
    "variations": []
  },
  "한남": {
    "score": 5,
    "type": "비하발언",
    "replacement": "남자",
    "variations": []
  },
  "급식충": {
    "score": 5,
    "type": "비하발언",
    "replacement": "학생",
    "variations": []
  },
  "노답": {
    "score": 5,
    "type": "비하발언",
    "replacement": "대략난감",
    "variations": []
  },
  "꼰대": {
    "score": 5,
    "type": "비하발언",
    "replacement": "기성세대",
    "variations": []
  },
  "상폐녀": {
    "score": 5,
    "type": "비하발언",
    "replacement": "미혼 여성",
    "variations": []
  },
  "개독": {
    "score": 5,
    "type": "혐오",
    "replacement": "기독교",
    "variations": []
  },
  "좌빨": {
    "score": 5,
    "type": "혐오",
    "replacement": "진보 진영",
    "variations": [ "빨갱이" ]
  },
  "수꼴": {
    "score": 5,
    "type": "혐오",
    "replacement": "보수 진영",
    "variations": [ "보수꼴통", "보수 꼴통" ]
  },
  "쪽바리": {
    "score": 5,
    "type": "혐오",
    "replacement": "일본인",
    "variations": []
  },
  "짱깨": {
    "score": 5,
    "type": "혐오",
    "replacement": "중국인",
    "variations": [ "ㅉㄲ", "중국놈", "조선족", "화교놈" ]
  },
  "꼴통": {
    "score": 3,
    "type": "비하발언",
    "replacement": "못난 사람",
    "variations": [ "ㄲㅌ" ]

  },
  "찌질": {
    "score": 3,
    "type": "비하발언",
    "replacement": "못난",
    "variations": []
  },
  "와꾸": {
    "score": 2,
    "type": "비하발언",
    "replacement": "얼굴",
    "variations": []
  },
  "전라디언": {
    "score": 5,
    "type": "혐오",
    "replacement": "전라남도",
    "variations": ["전라놈", "전라도놈"]
  }
}